-- Northwind Sample Database for LLM Semantic Layer POC

-- CUSTOMERS
CREATE TABLE customers (
    customer_id   VARCHAR(10) PRIMARY KEY,
    company_name  VARCHAR(100) NOT NULL,
    contact_name  VARCHAR(100),
    city          VARCHAR(50),
    country       VARCHAR(50)
);

-- EMPLOYEES
CREATE TABLE employees (
    employee_id   SERIAL PRIMARY KEY,
    first_name    VARCHAR(50) NOT NULL,
    last_name     VARCHAR(50) NOT NULL,
    title         VARCHAR(100)
);

-- CATEGORIES
CREATE TABLE categories (
    category_id   SERIAL PRIMARY KEY,
    category_name VARCHAR(50) NOT NULL
);

-- PRODUCTS
CREATE TABLE products (
    product_id      SERIAL PRIMARY KEY,
    product_name    VARCHAR(100) NOT NULL,
    category_id     INT REFERENCES categories(category_id),
    unit_price      NUMERIC(10,2) NOT NULL DEFAULT 0,
    units_in_stock  INT NOT NULL DEFAULT 0
);

-- ORDERS
CREATE TABLE orders (
    order_id      SERIAL PRIMARY KEY,
    customer_id   VARCHAR(10) REFERENCES customers(customer_id),
    employee_id   INT REFERENCES employees(employee_id),
    order_date    DATE NOT NULL,
    ship_country  VARCHAR(50),
    freight       NUMERIC(10,2) DEFAULT 0
);

-- ORDER DETAILS
CREATE TABLE order_details (
    order_id    INT REFERENCES orders(order_id),
    product_id  INT REFERENCES products(product_id),
    unit_price  NUMERIC(10,2) NOT NULL,
    quantity    INT NOT NULL DEFAULT 1,
    discount    NUMERIC(4,2) NOT NULL DEFAULT 0,
    PRIMARY KEY (order_id, product_id)
);

-- ============================================================
-- SEED DATA
-- ============================================================

INSERT INTO categories (category_name) VALUES
    ('Beverages'),
    ('Condiments'),
    ('Dairy Products'),
    ('Grains/Cereals'),
    ('Meat/Poultry'),
    ('Produce'),
    ('Seafood'),
    ('Confections');

INSERT INTO employees (first_name, last_name, title) VALUES
    ('Nancy',   'Davolio',   'Sales Representative'),
    ('Andrew',  'Fuller',    'Vice President, Sales'),
    ('Janet',   'Leverling', 'Sales Representative'),
    ('Margaret','Peacock',   'Sales Representative'),
    ('Steven',  'Buchanan',  'Sales Manager'),
    ('Michael', 'Suyama',    'Sales Representative'),
    ('Robert',  'King',      'Sales Representative'),
    ('Laura',   'Callahan',  'Inside Sales Coordinator'),
    ('Anne',    'Dodsworth',  'Sales Representative');

INSERT INTO customers (customer_id, company_name, contact_name, city, country) VALUES
    ('ALFKI', 'Alfreds Futterkiste',          'Maria Anders',       'Berlin',       'Germany'),
    ('ANATR', 'Ana Trujillo Emparedados',      'Ana Trujillo',       'Mexico City',  'Mexico'),
    ('ANTON', 'Antonio Moreno Taqueria',       'Antonio Moreno',     'Mexico City',  'Mexico'),
    ('AROUT', 'Around the Horn',               'Thomas Hardy',       'London',       'UK'),
    ('BERGS', 'Berglunds snabbkop',            'Christina Berglund', 'Lulea',        'Sweden'),
    ('BLAUS', 'Blauer See Delikatessen',       'Hanna Moos',         'Mannheim',     'Germany'),
    ('BLONP', 'Blondesddsl pere et fils',      'Frederique Citeaux', 'Strasbourg',   'France'),
    ('BOLID', 'Bolido Comidas preparadas',     'Martin Sommer',      'Madrid',       'Spain'),
    ('BONAP', 'Bon app''',                      'Laurence Lebihan',   'Marseille',    'France'),
    ('BOTTM', 'Bottom-Dollar Markets',         'Elizabeth Lincoln',  'Tsawassen',    'Canada'),
    ('BSBEV', 'B''s Beverages',               'Victoria Ashworth',  'London',       'UK'),
    ('CACTU', 'Cactus Comidas para llevar',    'Patricio Simpson',   'Buenos Aires', 'Argentina'),
    ('CENTC', 'Centro comercial Moctezuma',    'Francisco Chang',    'Mexico City',  'Mexico'),
    ('CHOPS', 'Chop-suey Chinese',             'Yang Wang',          'Bern',         'Switzerland'),
    ('COMMI', 'Comercio Mineiro',              'Pedro Afonso',       'Sao Paulo',    'Brazil'),
    ('CONSH', 'Consolidated Holdings',         'Elizabeth Brown',    'London',       'UK'),
    ('DRACD', 'Drachenblut Delikatessen',      'Sven Ottlieb',       'Aachen',       'Germany'),
    ('DUMON', 'Du monde entier',               'Janine Labrune',     'Nantes',       'France'),
    ('EASTC', 'Eastern Connection',            'Ann Devon',          'London',       'UK'),
    ('ERNSH', 'Ernst Handel',                  'Roland Mendel',      'Graz',         'Austria'),
    ('FAMIA', 'Familia Arquibaldo',            'Aria Cruz',          'Sao Paulo',    'Brazil'),
    ('FISSA', 'FISSA Fabrica Inter. Salchichas','Diego Roel',         'Madrid',       'Spain'),
    ('FOLIG', 'Folies gourmandes',             'Martine Rance',      'Lille',        'France'),
    ('FOLKO', 'Folk och fa HB',               'Maria Larsson',      'Brakne-Hoby',  'Sweden'),
    ('FRANK', 'Frankenversand',                'Peter Franken',      'Munich',       'Germany'),
    ('FRANR', 'France restauration',           'Carine Schmitt',     'Nantes',       'France'),
    ('GROSR', 'GROSELLA-Restaurante',          'Manuel Pereira',     'Caracas',      'Venezuela'),
    ('HANAR', 'Hanari Carnes',                 'Mario Pontes',       'Rio de Janeiro','Brazil'),
    ('HILAA', 'HILARION-Abastos',              'Carlos Hernandez',   'San Cristobal','Venezuela'),
    ('HUNGC', 'Hungry Coyote Import Store',    'Yoshi Latimer',      'Elgin',        'USA'),
    ('HUNGO', 'Hungry Owl All-Night Grocers',  'Patricia McKenna',   'Cork',         'Ireland'),
    ('ISLAT', 'Island Trading',                'Helen Bennett',      'Cowes',        'UK'),
    ('KOENE', 'Koniglich Essen',               'Philip Cramer',      'Brandenburg',  'Germany'),
    ('LACOR', 'La corne d''abondance',         'Daniel Tonini',      'Versailles',   'France'),
    ('LAMAI', 'La maison d''Asie',             'Annette Roulet',     'Toulouse',     'France'),
    ('LAUGB', 'Laughing Bacchus Wine Cellars', 'Yoshi Tannamuri',    'Vancouver',    'Canada'),
    ('LAZYK', 'Lazy K Kountry Store',          'John Steel',         'Walla Walla',  'USA'),
    ('LEHMS', 'Lehmanns Marktstand',           'Renate Messner',     'Frankfurt',    'Germany'),
    ('LETSS', 'Let''s Stop N Shop',            'Jaime Yorres',       'San Francisco','USA'),
    ('LILAS', 'LILA-Supermercado',             'Carlos Gonzalez',    'Barquisimeto', 'Venezuela'),
    ('MAGAA', 'Magazzini Alimentari Riuniti',  'Giovanni Rovelli',   'Bergamo',      'Italy'),
    ('MAISD', 'Maison Dewey',                  'Catherine Dewey',    'Bruxelles',    'Belgium'),
    ('MEREP', 'Mere Paillarde',                'Jean-Francois Perrier','Montreal',   'Canada'),
    ('MORGK', 'Morgenstern Gesundkost',        'Alexander Feuer',    'Leipzig',      'Germany'),
    ('NORTS', 'North/South',                   'Simon Crowther',     'London',       'UK'),
    ('OCEAN', 'Oceano Atlantico Ltda.',        'Yvonne Moncada',     'Buenos Aires', 'Argentina'),
    ('PERIC', 'Pericles Comidas clasicas',     'Guillermo Fernandez','Mexico City',  'Mexico'),
    ('PICCO', 'Piccolo und mehr',              'Georg Pipps',        'Salzburg',     'Austria'),
    ('PRINI', 'Princesa Isabel Vinhos',        'Isabel de Castro',   'Lisbon',       'Portugal'),
    ('QUEDE', 'Que Delicia',                   'Bernardo Batista',   'Rio de Janeiro','Brazil');

INSERT INTO products (product_name, category_id, unit_price, units_in_stock) VALUES
    ('Chai',                    1, 18.00,  39),
    ('Chang',                   1, 19.00,  17),
    ('Aniseed Syrup',           2, 10.00,  13),
    ('Chef Anton''s Cajun',     2, 22.00,  53),
    ('Grandma''s Boysenberry',  2, 25.00,  0),
    ('Uncle Bob''s Dried Pears',6, 30.00,  15),
    ('Northwoods Cranberry',    2, 40.00,  6),
    ('Mishi Kobe Niku',         5, 97.00,  29),
    ('Ikura',                   7, 31.00,  31),
    ('Queso Cabrales',          3, 21.00,  22),
    ('Queso Manchego',          3, 38.00,  86),
    ('Konbu',                   7, 6.00,   24),
    ('Tofu',                    6, 23.25,  35),
    ('Genen Shouyu',            2, 15.50,  39),
    ('Pavlova',                 8, 17.45,  29),
    ('Alice Mutton',            5, 39.00,  0),
    ('Carnarvon Tigers',        7, 62.50,  42),
    ('Teatime Choc. Biscuits',  8, 9.20,   25),
    ('Sir Rodney''s Marmalade', 8, 81.00,  40),
    ('Sir Rodney''s Scones',    8, 10.00,  3),
    ('Gustaf''s Knackebrod',    4, 21.00,  104),
    ('Tunnbrod',                4, 9.00,   61),
    ('Rossle Sauerkraut',       6, 45.60,  26),
    ('Thueringer Rostbratwurst',5, 123.79, 0),
    ('Nord-Ost Matjeshering',   7, 25.89,  10),
    ('Gorgonzola Telino',       3, 12.50,  0),
    ('Mascarpone Fabioli',      3, 32.00,  9),
    ('Filo Mix',                4, 7.00,   38),
    ('Robb Export Lager',       1, 7.45,   111),
    ('Nord-Ost Matjeshering',   7, 25.89,  10),
    ('Gumbar Gummibarchen',     8, 31.23,  15),
    ('Schoggi Schokolade',      8, 43.90,  49),
    ('Rossle Sauerkraut',       6, 45.60,  26),
    ('Steeleye Stout',          1, 18.00,  20),
    ('Inlagd Sill',             7, 19.00,  112),
    ('Gravad lax',              7, 26.00,  11),
    ('Cote de Blaye',           1, 263.50, 17),
    ('Chartreuse verte',        1, 18.00,  69),
    ('Boston Crab Meat',        7, 18.40,  123),
    ('Jack''s Clam Chowder',    7, 9.65,   85),
    ('Singaporean Hokkien',     4, 14.00,  26),
    ('Ipoh Coffee',             1, 46.00,  17),
    ('Roti Canai',              4, 23.25,  9),
    ('Longlife Tofu',           6, 10.00,  4),
    ('Rhonbrau Klosterbier',    1, 7.75,   125),
    ('Lakkalikoori',            1, 18.00,  57),
    ('Original Frankfurter',    5, 13.00,  0),
    ('Filo Mix',                4, 7.00,   38),
    ('Chocolade',               8, 12.75,  15),
    ('Maxilaku',                8, 20.00,  10);

INSERT INTO orders (customer_id, employee_id, order_date, ship_country, freight) VALUES
    ('ALFKI', 1, '2024-01-15', 'Germany',    32.38),
    ('ALFKI', 1, '2024-03-20', 'Germany',    11.61),
    ('ANATR', 3, '2024-01-22', 'Mexico',     65.83),
    ('ANATR', 3, '2024-04-10', 'Mexico',     58.17),
    ('ANTON', 2, '2024-02-01', 'Mexico',     22.76),
    ('AROUT', 4, '2024-02-14', 'UK',         148.33),
    ('AROUT', 4, '2024-05-01', 'UK',         13.97),
    ('BERGS', 5, '2024-01-30', 'Sweden',     125.77),
    ('BERGS', 5, '2024-06-15', 'Sweden',     91.48),
    ('BLAUS', 1, '2024-03-05', 'Germany',    18.69),
    ('BLONP', 2, '2024-03-18', 'France',     55.28),
    ('BOLID', 3, '2024-04-01', 'Spain',      9.53),
    ('BONAP', 6, '2024-04-12', 'France',     76.83),
    ('BONAP', 6, '2024-07-20', 'France',     135.35),
    ('BOTTM', 7, '2024-01-05', 'Canada',     9.56),
    ('BOTTM', 7, '2024-05-22', 'Canada',     47.45),
    ('BSBEV', 8, '2024-02-28', 'UK',         27.43),
    ('CACTU', 9, '2024-03-15', 'Argentina',  36.71),
    ('COMMI', 1, '2024-04-25', 'Brazil',     18.44),
    ('DRACD', 2, '2024-05-10', 'Germany',    28.66),
    ('ERNSH', 3, '2024-01-18', 'Austria',    211.22),
    ('ERNSH', 3, '2024-06-08', 'Austria',    94.26),
    ('ERNSH', 4, '2024-08-14', 'Austria',    138.72),
    ('FAMIA', 5, '2024-02-08', 'Brazil',     14.01),
    ('FOLKO', 6, '2024-03-25', 'Sweden',     8.53),
    ('FRANK', 7, '2024-04-18', 'Germany',    44.33),
    ('FRANK', 7, '2024-07-05', 'Germany',    73.21),
    ('HANAR', 8, '2024-01-28', 'Brazil',     65.11),
    ('HANAR', 8, '2024-05-16', 'Brazil',     27.14),
    ('HILAA', 9, '2024-02-20', 'Venezuela',  8.45),
    ('HUNGC', 1, '2024-03-10', 'USA',        24.12),
    ('HUNGO', 2, '2024-06-22', 'Ireland',    57.15),
    ('ISLAT', 3, '2024-04-08', 'UK',         11.65),
    ('KOENE', 4, '2024-05-30', 'Germany',    51.30),
    ('LACOR', 5, '2024-01-12', 'France',     38.19),
    ('LAMAI', 6, '2024-07-15', 'France',     26.78),
    ('LAZYK', 7, '2024-02-05', 'USA',        7.48),
    ('LEHMS', 8, '2024-03-28', 'Germany',    79.66),
    ('LILAS', 9, '2024-04-20', 'Venezuela',  12.75),
    ('MAGAA', 1, '2024-06-10', 'Italy',      32.54),
    ('MAISD', 2, '2024-07-28', 'Belgium',    17.22),
    ('MEREP', 3, '2024-01-08', 'Canada',     43.90),
    ('MEREP', 3, '2024-05-05', 'Canada',     88.01),
    ('NORTS', 4, '2024-02-18', 'UK',         5.29),
    ('OCEAN', 5, '2024-03-22', 'Argentina',  25.19),
    ('PERIC', 6, '2024-04-15', 'Mexico',     6.01),
    ('PICCO', 7, '2024-06-28', 'Austria',    52.30),
    ('PRINI', 8, '2024-07-10', 'Portugal',   14.17),
    ('QUEDE', 9, '2024-01-25', 'Brazil',     9.34),
    ('QUEDE', 9, '2024-08-01', 'Brazil',     21.55),
    ('ALFKI', 2, '2024-08-20', 'Germany',    40.42),
    ('ANATR', 4, '2024-09-05', 'Mexico',     27.93),
    ('AROUT', 6, '2024-09-18', 'UK',         62.11),
    ('BERGS', 8, '2024-10-02', 'Sweden',     107.83),
    ('BONAP', 1, '2024-10-15', 'France',     48.29),
    ('BOTTM', 3, '2024-11-01', 'Canada',     33.67),
    ('ERNSH', 5, '2024-11-18', 'Austria',    175.44),
    ('FRANK', 9, '2024-12-03', 'Germany',    56.78),
    ('HANAR', 2, '2024-12-20', 'Brazil',     19.88),
    ('HUNGO', 4, '2025-01-08', 'Ireland',    84.55),
    ('KOENE', 6, '2025-01-22', 'Germany',    29.44);

INSERT INTO order_details (order_id, product_id, unit_price, quantity, discount) VALUES
    (1,  1,  18.00, 12, 0.00),
    (1,  2,  19.00, 10, 0.00),
    (2,  3,  10.00, 5,  0.00),
    (3,  4,  22.00, 9,  0.10),
    (3,  5,  25.00, 4,  0.05),
    (4,  6,  30.00, 7,  0.00),
    (5,  7,  40.00, 2,  0.00),
    (5,  8,  97.00, 1,  0.00),
    (6,  9,  31.00, 20, 0.05),
    (6,  10, 21.00, 15, 0.00),
    (7,  11, 38.00, 6,  0.00),
    (8,  12, 6.00,  30, 0.00),
    (8,  13, 23.25, 8,  0.10),
    (9,  14, 15.50, 14, 0.00),
    (10, 15, 17.45, 10, 0.00),
    (11, 16, 39.00, 5,  0.05),
    (11, 17, 62.50, 3,  0.00),
    (12, 18, 9.20,  25, 0.00),
    (13, 19, 81.00, 2,  0.10),
    (13, 20, 10.00, 12, 0.00),
    (14, 21, 21.00, 8,  0.00),
    (14, 22, 9.00,  20, 0.05),
    (15, 23, 45.60, 4,  0.00),
    (16, 24, 123.79,1,  0.00),
    (17, 25, 25.89, 6,  0.00),
    (18, 26, 12.50, 10, 0.10),
    (19, 27, 32.00, 3,  0.00),
    (20, 28, 7.00,  15, 0.00),
    (21, 1,  18.00, 40, 0.05),
    (21, 37, 263.50,5,  0.00),
    (22, 2,  19.00, 20, 0.00),
    (22, 29, 7.45,  30, 0.05),
    (23, 3,  10.00, 12, 0.00),
    (23, 30, 25.89, 8,  0.10),
    (24, 4,  22.00, 6,  0.00),
    (25, 5,  25.00, 3,  0.00),
    (26, 6,  30.00, 9,  0.05),
    (26, 7,  40.00, 4,  0.00),
    (27, 8,  97.00, 2,  0.00),
    (28, 9,  31.00, 16, 0.05),
    (28, 10, 21.00, 12, 0.00),
    (29, 11, 38.00, 5,  0.00),
    (30, 12, 6.00,  40, 0.00),
    (31, 13, 23.25, 7,  0.10),
    (32, 14, 15.50, 18, 0.00),
    (33, 15, 17.45, 11, 0.00),
    (34, 16, 39.00, 4,  0.05),
    (35, 17, 62.50, 6,  0.00),
    (36, 18, 9.20,  22, 0.00),
    (37, 19, 81.00, 3,  0.10),
    (38, 20, 10.00, 14, 0.00),
    (39, 21, 21.00, 9,  0.00),
    (40, 22, 9.00,  25, 0.05),
    (41, 23, 45.60, 5,  0.00),
    (42, 24, 123.79,2,  0.00),
    (43, 25, 25.89, 7,  0.00),
    (44, 26, 12.50, 13, 0.10),
    (45, 27, 32.00, 4,  0.00),
    (46, 28, 7.00,  18, 0.00),
    (47, 1,  18.00, 35, 0.05),
    (47, 2,  19.00, 15, 0.00),
    (48, 3,  10.00, 10, 0.00),
    (49, 4,  22.00, 8,  0.10),
    (50, 5,  25.00, 5,  0.00),
    (51, 37, 263.50,4,  0.00),
    (51, 38, 18.00, 12, 0.05),
    (52, 6,  30.00, 10, 0.00),
    (53, 7,  40.00, 6,  0.00),
    (53, 8,  97.00, 3,  0.00),
    (54, 9,  31.00, 18, 0.05),
    (55, 10, 21.00, 14, 0.00),
    (56, 11, 38.00, 8,  0.00),
    (56, 12, 6.00,  35, 0.00),
    (57, 13, 23.25, 10, 0.10),
    (58, 14, 15.50, 20, 0.00),
    (59, 15, 17.45, 13, 0.00),
    (60, 16, 39.00, 6,  0.05);
